Designator,Mid X,Mid Y,Layer,Rotation
C1,104.000000,-102.000000,Top,90.000000
C2,108.000000,-102.000000,Top,90.000000
C3,116.000000,-102.000000,Top,90.000000
C4,120.000000,-102.000000,Top,90.000000
C5,148.000000,-84.000000,Top,90.000000
C6,139.000000,-108.000000,Top,90.000000
C7,124.000000,-96.000000,Top,90.000000
C8,120.000000,-92.000000,Top,90.000000
C9,108.000000,-84.000000,Top,90.000000
C10,142.000000,-93.000000,Top,90.000000
C11,145.000000,-95.000000,Top,90.000000
C12,145.000000,-99.000000,Top,90.000000
C13,145.000000,-103.000000,Top,90.000000
C14,159.000000,-91.000000,Top,90.000000
D1,114.000000,-84.000000,Top,270.000000
D2,104.000000,-84.000000,Top,0.000000
J1,164.872000,-77.000000,Top,90.000000
Q1,134.000000,-98.000000,Top,180.000000
Q2,134.000000,-104.000000,Top,180.000000
R1,166.000000,-86.000000,Top,0.000000
R2,166.000000,-89.000000,Top,0.000000
R3,128.000000,-98.000000,Top,90.000000
R4,128.000000,-104.000000,Top,90.000000
R5,139.000000,-98.000000,Top,90.000000
R6,139.000000,-104.000000,Top,90.000000
R7,120.000000,-88.000000,Top,90.000000
SW1,106.000000,-112.000000,Top,0.000000
SW2,106.000000,-118.000000,Top,0.000000
SW3,114.000000,-90.000000,Top,0.000000
U1,135.000000,-81.620000,Top,270.000000
U2,152.000000,-95.000000,Top,270.000000
U3,152.000000,-77.000000,Top,270.000000
U4,110.000000,-96.000000,Top,180.000000
U5,155.000000,-84.000000,Top,270.000000
