Comment,Designator,Footprint,LCSC Part #
CC0603KRX7R9BB104,"C2,C4,C5,C7,C8,C9,C10,C11,C12,C13,C14",C_0603_1608Metric,C14663
0603WAF1002T5E,"R5,R6",R_0603_1608Metric,C25804
0603WAF1202T5E,"R3,R4",R_0603_1608Metric,C22790
1N4148W,D2,D_SOD-123,C81598
CL10A105KB8NNNC,"C3,C6",C_0603_1608Metric,C15849
CL21A226MAQNNNE,C1,C_0805_2012Metric,C45783
0603WAF3300T5E,R7,R_0603_1608Metric,C23138
0603WAF5101T5E,"R1,R2",R_0603_1608Metric,C23186
AP2112K-3.3TRG1,U4,SOT-23-5,C23380830
CH340K,U3,SSOP-10-1EP_3.9x4.9mm_P1mm_EP2.1x3.3mm,C18208922
ESP32-WROOM-32E-N4,U1,ESP32-WROOM-32E,C701341
SP3232EEN-L/TR,U2,SOIC-16_3.9x9.9mm_P1.27mm,C9378
MMBT3904,"Q1,Q2",SOT-23,C7420353
KMR221GLFS,"SW1,SW2,SW3",SW_Push_1P1T_NO_CK_KMR2,C72443
TYPE-C-31-M-12,J1,USB_C_Receptacle_HRO_TYPE-C-31-M-12,C165948
USBLC6-2SC6,U5,SOT-23-6,C2827654
XL-5050RGBC-2812B,D1,LED_WS2812B_PLCC4_5.0x5.0mm_P3.2mm,C2843785
